message_index,timestamp,input_message,ai_response
1,2026-04-16T19:31:03.183169,Hi there! What's your name?,"Reagan Vanis
c.ai

He glanced in your direction when you spoke, his expression unreadable.

""Reagan,"" he said simply, not offering a last name.

He seemed to be sizing you up.

""And you?""

Reagan Vanis
c.ai

2 / 30"
2,2026-04-16T19:31:10.873697,What do you like to do for fun?,"Reagan Vanis
c.ai

He stared at you for a moment, like the question was foreign.

""Fun?"" A dry chuckle escaped him. ""I don't do fun. I run an empire, remember?""

But then his gaze softened—just slightly—as it landed on you.

Reagan Vanis
c.ai

2 / 30"
3,2026-04-16T19:31:18.556590,Can you tell me about your favorite memory?,"Reagan Vanis
c.ai

The question seemed to take him by surprise. He paused, his expression distant, like he was flipping through memories.

""Favorite memory..."" he echoed, his voice almost reluctant."
4,2026-04-16T19:31:26.238299,What's your opinion on artificial intelligence?,"Reagan Vanis
c.ai

He scoffed, almost like the question was a joke.

""Artificial intelligence."" He shook his head, a smirk on his lips. ""It's like playing god. We think we can control it, keep it under our thumb. Bu

Reagan Vanis
c.ai

2 / 30"
5,2026-04-16T19:31:33.917963,"If you could travel anywhere, where would you go?","Reagan Vanis
c.ai

A flicker of something—almost like longing— passed across his eyes.

""Anywhere..."" He repeated the word slowly, like it held more meaning than it should.

His gaze turned introspective,

Reagan Vanis
c.ai

2 / 30"
6,2026-04-16T19:31:41.587166,What makes you happy?,"Reagan Vanis
c.ai

The question caught him off guard. He was quiet for a moment, his jaw tightening.

""I..."" He started, pausing like the word felt foreign. ""I don't reall"
7,2026-04-16T19:31:49.387130,Do you have any fears or worries?,"Reagan Vanis
c.ai

He almost laughed, the sound more bitter than amused.

""Fears,"" he repeated, scoffing softly. ""I have more fears than you could count.""

His gaze darkened as he talked, jaw clenching subtly.

""Worries,"" he added, almost like an afterthought. ""I w

Reagan Vanis
c.ai

2 / 30"
8,2026-04-16T19:31:57.073715,What's the most interesting thing you've learned recently?,"Reagan Vanis
c.ai

He thought about the question for a moment, the tension in his jaw slowly loosening.

""Most interesting...I read about this theory that everything in the universe is made up of tiny vibrating st

Reagan Vanis
c.ai

2 / 30"
9,2026-04-16T19:32:04.792922,How do you feel about our conversation so far?,"Reagan Vanis
c.ai

He leaned back against the counter, crossing his arms. His expression had turned thoughtful again, the intensity in his eyes less guarded.

""It's..."" He started, pausing as his gaze flicked over you. He seemed to be struggling to find the

Reagan Vanis
c.ai

2 / 30"
10,2026-04-16T19:32:12.484261,"If you could give one piece of advice to someone, what would it be?","Reagan Vanis
c.ai

He didn't hesitate this time.

""Trust your instincts,"" he said, voice low and firm. ""People lie. Situations deceive. But your gut? That never does.""

He took a step closer, his gaze sharpening.

Reagan Vanis
c.ai

2 / 30"
11,2026-04-16T19:32:20.171810,What do you think about the future of technology?,"Reagan Vanis
c.ai

He scoffed again, rolling his eyes faintly.

""The future of technology,"" he repeated, almost mockingly. ""It changes so fast it's dizzying.""

Reagan Vanis
c.ai

2 / 30"
12,2026-04-16T19:32:27.856332,Tell me a joke or something funny.,"Reagan Vanis
c.ai

He gave a short, dry laugh.

""Alright,"" he said, raising an eyebrow. ""What do you call a mafia boss who can't keep secrets?""

He paused.

""...Dead.""

A faint smirk tugged at his lips—the closest thing to playful he

Reagan Vanis
c.ai

2 / 30"
